{"_wandb":{"runtime":1},"acc":0.7971181538299489,"loss":0.21152665932840764,"_timestamp":1.746630423562895e+09,"_runtime":1.205218,"_step":7}